kode,grade,mapel,unit,tujuan,rujukan,belajar,berlatih,tantangan,tema,cetak,status
P-BT-01,PAUD,Baca Tulis,Dengar bunyi di sekitarku,"Membedakan bunyi hewan, kendaraan, dan benda",CP Fondasi literasi; L&S Phase 1,"bunyi, kata","1, 14",BARU 10 level,"hewan, kendaraan, alat musik",cocokkan gambar,Draf (Worksheet PAUD J)
P-BT-02,PAUD,Baca Tulis,Garis tegak dan mendatar,Kontrol gerak jari sebelum menulis huruf,CP Fondasi motorik,"kenalan, coba","10, 19",BARU 10 level,benda sekitar,tebalkan garis,Draf (Worksheet PAUD K)
P-BT-03,PAUD,Baca Tulis,"Garis lengkung, lingkaran, zig-zag",Pola goresan dasar huruf,CP Fondasi motorik,"kenalan, coba","10, 19",BARU 10 level,"alam (ombak, gunung)",tebalkan garis,Draf (Worksheet PAUD L)
P-BT-04,PAUD,Baca Tulis,Huruf vokal a dan i,"Mengenal bentuk dan bunyi a, i",CP Fondasi literasi; metode suku kata,"kenalan, bunyi, kata, coba","2, 8, 10",BARU 10 level,"buah, hewan",tebalkan + cari huruf,Draf (Worksheet PAUD C)
P-BT-05,PAUD,Baca Tulis,"Huruf vokal u, e, o","Mengenal bentuk dan bunyi u, e, o",CP Fondasi literasi,"kenalan, bunyi, kata, coba","2, 8, 10",BARU 10 level,"benda rumah, alam",tebalkan + cari huruf,Draf (Worksheet PAUD D)
P-BT-06,PAUD,Baca Tulis,Huruf awal benda (vokal),Menghubungkan gambar dengan huruf awalnya,CP Fondasi literasi,"kata, ingat","8, 1, 14",BARU 10 level,semua tema T1,tarik garis,Pelajaran baru + soal baru
P-BT-07,PAUD,Baca Tulis,Tepuk suku kata,Menyadari kata terdiri dari suku kata (ba-ju),Metode suku kata; L&S Phase 1,"bunyi, kata","1, 3",BARU 10 level,"pakaian, makanan",lingkari jumlah tepukan,Pelajaran baru + soal baru
P-BT-08,PAUD,Baca Tulis,Bunyi akhir yang sama (rima),Mendengar kata berakhiran sama (topi-kopi),L&S Phase 1,"bunyi, kata","1, 14",BARU 10 level,benda sekitar,cocokkan rima,Pelajaran baru + soal baru
P-BT-09,PAUD,Baca Tulis,"Huruf bibir: b, m, p",Mengenal konsonan pertama yang mudah dilafalkan,Metode suku kata,"kenalan, bunyi, kata, coba","2, 8, 10",BARU 10 level,"hewan, mainan",tebalkan huruf,Pelajaran baru + soal baru
P-BT-10,PAUD,Baca Tulis,Cerita bergambar,Mengurutkan 3 gambar dan menceritakannya,CP Fondasi literasi; NEL L&L,"cerita, ingat","6, 24",BARU 10 level,kegiatan sehari-hari,gunting & urutkan,Pelajaran baru + soal baru
P-BT-11,PAUD,Baca Tulis,100 kata pertamaku,Kosakata benda paling dekat dengan anak,CDI / Biemiller,kata,"1, 14, 15",BARU 10 level,Kamus T1 (100 kata),kartu kata,Pelajaran baru + soal baru
P-BT-12,PAUD,Baca Tulis,Menulis huruf vokal besar dan kecil,"Menebalkan a i u e o dan A I U E O",CP Fondasi literasi,"kenalan, coba, ingat","10, 2",BARU 10 level,semua tema,tebalkan huruf,Draf (Worksheet PAUD O)
P-BT-13,PAUD,Baca Tulis,"Huruf b, c, d, f, g","Mengenal bentuk, bunyi, dan menulis b c d f g",Metode suku kata,"kenalan, bunyi, kata, coba","2, 8, 10",BARU 10 level,"mainan, dapur, hewan",tebalkan + cari huruf,Draf (Worksheet PAUD P)
P-BT-14,PAUD,Baca Tulis,"Huruf h, j, k, l, m","Mengenal bentuk, bunyi, dan menulis h j k l m",Metode suku kata,"kenalan, bunyi, kata, coba","2, 8, 10",BARU 10 level,"alam, buah, kendaraan",tebalkan + cari huruf,Draf (Worksheet PAUD Q)
P-BT-15,PAUD,Baca Tulis,"Huruf n, p, q, r, s","Mengenal bentuk, bunyi, dan menulis n p q r s",Metode suku kata,"kenalan, bunyi, kata, coba","2, 8, 10",BARU 10 level,"buah, rumah, hewan",tebalkan + cari huruf,Draf (Worksheet PAUD R)
P-BT-16,PAUD,Baca Tulis,"Huruf t, v, w, x, y, z","Mengenal bentuk, bunyi, dan menulis t v w x y z",Metode suku kata,"kenalan, bunyi, kata, coba","2, 8, 10",BARU 10 level,"sayur, mainan, hewan",tebalkan + cari huruf,Draf (Worksheet PAUD S)
P-MA-01,PAUD,Berhitung,Bilangan 1 sampai 10,Membilang dan mengenal lambang 1–10,CP Fondasi; NEL; EYFS,"kenalan, kata, coba","3, 4, 8","Ada: Worksheet Pra-TK A; Math Pra-TK A, B, C, D","buah, hewan, mainan",hitung & tulis,Draf (Worksheet PAUD A)
P-MA-02,PAUD,Berhitung,Lihat sekilas 1 sampai 5,Mengenali banyak benda tanpa menghitung satu-satu,EYFS Number (subitising),"kenalan, coba","16, 3",BARU 10 level,"titik, buah",kartu titik,Draf (Worksheet PAUD I)
P-MA-03,PAUD,Berhitung,Bilangan 6 sampai 10,Membilang dan mengenal lambang 6–10,CP Fondasi; NEL,"kenalan, coba","3, 4, 5","Ada: Math Pra-TK E, F, G, H","makanan, kendaraan",hitung & tulis,Draf (Math PAUD E)
P-MA-04,PAUD,Berhitung,Jari tangan dan angka,Menunjukkan bilangan dengan jari,NEL Numeracy,"kenalan, coba","8, 16",BARU 10 level,tubuh (jari),tarik garis jari ↔ angka,Draf (Worksheet PAUD F)
P-MA-05,PAUD,Berhitung,Pertama sampai kelima,Bilangan urutan dalam antrean,Common Core K.CC; NEL,"cerita, coba","13, 6",BARU 10 level,"hewan, kendaraan",warnai urutan,Draf (Worksheet PAUD G)
P-MA-06,PAUD,Berhitung,"Lebih banyak, lebih sedikit",Membandingkan dua kelompok,CP Fondasi; EYFS,"kenalan, coba","1, 4","Ada: Math Pra-TK I, K, L","buah, mainan",lingkari yang lebih banyak,Draf (Math PAUD K)
P-MA-07,PAUD,Berhitung,Pola warna dan bentuk,"Melanjutkan pola AB, AAB",CP Fondasi (pola); NEL,"kenalan, coba","20, 6",Ada: Math Pra-TK M,"warna, bentuk",lanjutkan pola,Draf (Math PAUD M)
P-MA-08,PAUD,Berhitung,"Di atas, di bawah, di dalam",Kata posisi,NEL bentuk & ruang,"cerita, coba","13, 1",Ada: Math Pra-TK N,"rumah, mainan",tempel stiker posisi,Draf (Math PAUD N)
P-MA-09,PAUD,Berhitung,Bentuk di sekitarku,"Mengenal lingkaran, segitiga, persegi, bangun ruang",CP Fondasi; Common Core K.G,"kenalan, kata, coba","1, 7, 15","Ada: Math Pra-TK P, Q, R, S",benda rumah,warnai bentuk,Draf (Math PAUD P)
P-MA-10,PAUD,Berhitung,"Besar-kecil, panjang-pendek",Membandingkan ukuran,CP Fondasi (ukur),"kenalan, coba","6, 17",Ada: Math Pra-TK T,"hewan, benda",lingkari yang lebih besar,Draf (Math PAUD T)
P-MA-11,PAUD,Berhitung,"Sama, beda, kelompokkan",Mengklasifikasi benda,CP Fondasi (klasifikasi),"kenalan, coba","7, 15",Ada: Math Pra-TK O,semua tema T1,gunting & kelompokkan,Draf (Math PAUD O)
P-MA-12,PAUD,Berhitung,Tambah dan kurang sampai 5,Menggabung dan mengambil benda,EYFS; Common Core K.OA,"cerita, coba","3, 4, 18","Ada: Math Pra-TK V, X","makanan, hewan",hitung gambar,Draf (Math PAUD V)
P-MA-13,PAUD,Berhitung,Uang Rupiah,Mengenal koin dan uang kertas,Konteks lokal,"kenalan, kata","1, 7",Ada: Math Pra-TK U,"pasar, jajanan",cocokkan uang,Draf (Math PAUD U)
P-MA-14,PAUD,Berhitung,"Pagi, siang, malam",Kesadaran waktu dalam kegiatan,CP Fondasi (waktu),"cerita, kata","6, 1",BARU 10 level,"kegiatan sehari-hari, langit",urutkan kegiatan,Draf (Worksheet PAUD H)
P-MA-15,PAUD,Berhitung,Menulis angka 1 sampai 5,"Menebalkan dan menulis angka 1–5 setelah menghitung benda, jari, dadu",CP Fondasi; EYFS Number,"kenalan, kata, coba","3, 10",BARU 10 level,"benda, jari, dadu",tebalkan angka,Draf (Worksheet PAUD M)
P-MA-16,PAUD,Berhitung,Menulis angka 6 sampai 10,"Menebalkan dan menulis angka 6–10 setelah menghitung jari, titik, bingkai sepuluh",CP Fondasi; EYFS Number,"kenalan, kata, coba","3, 10",BARU 10 level,"jari, bingkai sepuluh",tebalkan angka,Draf (Worksheet PAUD N)
P-EN-01,PAUD,English,Hello! Greetings & feelings,Salam dan perasaan sederhana,Cambridge Pre A1 Starters,"kata, bunyi","1, 21",BARU 10 level,perasaan,cocokkan wajah,Pelajaran baru + soal baru
P-EN-02,PAUD,English,Letters A–Z,Nama huruf A–Z,NEL L&L; Starters,"kenalan, bunyi","2, 8","Ada: English Pra-TK A, B, C, D, E, F",kata contoh A–Z,tebalkan huruf,Pelajaran baru + soal sudah ada
P-EN-03,PAUD,English,Big and small letters,Huruf besar dan kecil,NEL L&L,"kenalan, coba","8, 10",Ada: English Pra-TK G,kata contoh,cocokkan Aa,Pelajaran baru + soal sudah ada
P-EN-04,PAUD,English,Sounds around me,Bunyi awal kata,L&S Phase 1–2,"bunyi, kata","1, 8","Ada: English Pra-TK L, M, N","hewan, makanan",lingkari bunyi awal,Pelajaran baru + soal sudah ada
P-EN-05,PAUD,English,Rhymes and syllables,Rima dan suku kata,L&S Phase 1,"bunyi, kata","1, 14","Ada: English Pra-TK I, J, K",benda,cocokkan rima,Pelajaran baru + soal sudah ada
P-EN-06,PAUD,English,Colours and shapes,Kata warna dan bentuk,Starters,"kata, coba","1, 7",Ada: English Pra-TK V,"warna, bentuk",warnai sesuai kata,Pelajaran baru + soal sudah ada
P-EN-07,PAUD,English,Numbers 1–10,Kata bilangan,Starters,"kata, coba","3, 8",Ada: English Pra-TK W,"buah, mainan",hitung & tulis,Pelajaran baru + soal sudah ada
P-EN-08,PAUD,English,My body,Anggota tubuh,Starters (body & face),"kata, cerita","1, 13",BARU 10 level,tubuh,tunjuk & tempel,Pelajaran baru + soal baru
P-EN-09,PAUD,English,Animals,Hewan,Starters (animals),"kata, bunyi","1, 14, 7",BARU 10 level,hewan,kartu memori,Pelajaran baru + soal baru
P-EN-10,PAUD,English,Food and fruit,Makanan dan buah,Starters (food & drink),kata,"1, 7, 14",BARU 10 level,"buah, makanan",kelompokkan,Pelajaran baru + soal baru
P-EN-11,PAUD,English,Action words,Kata kerja,Starters,"kata, cerita","1, 13",Ada: English Pra-TK Y,kegiatan,cocokkan gerak,Pelajaran baru + soal sudah ada
P-EN-12,PAUD,English,"In, on, under",Kata posisi,Starters (prepositions),"cerita, coba","23, 13",Ada: English Pra-TK AA,"rumah, mainan",tempel posisi,Pelajaran baru + soal sudah ada
P-EN-13,PAUD,English,Opposites and categories,Lawan kata dan kelompok,Starters; NEL,"kata, coba","7, 15","Ada: English Pra-TK BB, CC, Z",semua tema,kelompokkan,Pelajaran baru + soal sudah ada
P-SA-01,PAUD,Sains,Tubuhku dan panca indra,"Mata melihat, telinga mendengar, dst.",CP Fondasi sains; NEL Discovery,"kenalan, kata, coba","8, 1",BARU 10 level,"tubuh, indra",tarik garis indra ↔ benda,Pelajaran baru + soal baru
P-SA-02,PAUD,Sains,Hewan di sekitarku,"Nama, suara, dan tempat hidup hewan",CP Fondasi sains,"kata, bunyi","1, 7, 14",BARU 10 level,"hewan peliharaan, ternak",cocokkan rumah hewan,Pelajaran baru + soal baru
P-SA-03,PAUD,Sains,Tumbuhan dan buah,"Bagian tumbuhan sederhana, buah lokal",CP Fondasi sains,"kata, cerita","1, 7",BARU 10 level,"buah, sayur, tanaman",warnai buah,Pelajaran baru + soal baru
P-SA-04,PAUD,Sains,Panas dan dingin,Merasakan suhu benda,CP Fondasi sains,"kenalan, coba","7, 1",BARU 10 level,"dapur, minuman, alam",kelompokkan panas/dingin,Pelajaran baru + soal baru
P-SA-05,PAUD,Sains,Cuaca hari ini,"Cerah, hujan, berawan, berangin",CP Fondasi sains,"kata, cerita","1, 8",BARU 10 level,"cuaca, pakaian",cocokkan pakaian ↔ cuaca,Pelajaran baru + soal baru
P-SA-06,PAUD,Sains,Siang dan malam,"Matahari, bulan, bintang",CP Fondasi sains,"kata, cerita","7, 1",BARU 10 level,langit,kelompokkan siang/malam,Pelajaran baru + soal baru
P-SA-07,PAUD,Sains,Tenggelam dan terapung,Menduga lalu mengamati,NEL Discovery (inquiry),"cerita, coba","7, 1",BARU 10 level,benda rumah,kelompokkan,Pelajaran baru + soal baru
P-SA-08,PAUD,Sains,"Air, es, dan uap",Benda bisa berubah wujud,CP Fondasi sains,"cerita, kata","6, 7",BARU 10 level,"dapur, alam",urutkan perubahan,Pelajaran baru + soal baru
P-SA-09,PAUD,Sains,Bersih dan sehat,"Cuci tangan, sikat gigi, buang sampah","CP Fondasi (jati diri, kesehatan)","cerita, coba","6, 15",BARU 10 level,"kamar mandi, kegiatan",urutkan langkah,Pelajaran baru + soal baru
K-BT-01,TK,Baca Tulis,"Huruf m, n, s, t, k, l",Konsonan yang sering dipakai,Metode suku kata,"kenalan, bunyi, kata, coba","2, 8, 10",BARU 10 level,Kamus T1,tebalkan huruf,Pelajaran baru + soal baru
K-BT-02,TK,Baca Tulis,"Huruf g, h, j, r, w, y, d",Konsonan berikutnya,Metode suku kata,"kenalan, bunyi, kata, coba","2, 8, 10",BARU 10 level,Kamus T1,tebalkan huruf,Pelajaran baru + soal baru
K-BT-03,TK,Baca Tulis,"Huruf c, f, v, z, q, x",Konsonan jarang,Metode suku kata,"kenalan, kata, coba","2, 8, 10",BARU 10 level,Kamus T2,tebalkan huruf,Pelajaran baru + soal baru
K-BT-04,TK,Baca Tulis,"b, d, p yang mirip",Membedakan huruf yang sering tertukar,Praktik membaca permulaan,"kenalan, coba","15, 2, 10",BARU 10 level,kata contoh,lingkari huruf,Pelajaran baru + soal baru
K-BT-05,TK,Baca Tulis,Huruf besar dan kecil,Pasangan A-a sampai Z-z,CP Fondasi literasi,"kenalan, coba","8, 14",BARU 10 level,kata contoh,cocokkan Aa,Pelajaran baru + soal baru
K-BT-06,TK,Baca Tulis,Suku kata ba-bi-bu-be-bo,"Suku kata terbuka dengan b, m, p, s",Metode suku kata / SAS,"bunyi, gabung","1, 2, 12",BARU 10 level,Kamus T1,baca suku kata,Pelajaran baru + soal baru
K-BT-07,TK,Baca Tulis,"Suku kata ka, la, ta, da, na, ra",Suku kata terbuka berikutnya,Metode suku kata,"bunyi, gabung","1, 2, 12",BARU 10 level,Kamus T1,baca suku kata,Pelajaran baru + soal baru
K-BT-08,TK,Baca Tulis,Gabung jadi kata (bo-la),Menggabung dua suku kata menjadi kata,Metode suku kata / SAS,"gabung, kata","12, 22",BARU 10 level,Kamus T1 (kata KV-KV),gabung & gambar,Pelajaran baru + soal baru
K-BT-09,TK,Baca Tulis,Membaca kata bergambar,Membaca kata KV-KV lalu memilih gambarnya,SAS,"kata, coba","22, 14",BARU 10 level,Kamus T1,baca & cocokkan,Pelajaran baru + soal baru
K-BT-10,TK,Baca Tulis,Menyusun kata,Menyusun huruf/suku kata menjadi kata,Metode suku kata,"gabung, coba","11, 12",BARU 10 level,Kamus T1,isi huruf hilang,Pelajaran baru + soal baru
K-BT-11,TK,Baca Tulis,Menebalkan huruf kecil a–z,Menulis huruf kecil sesuai urutan goresan,CP Fondasi motorik,"kenalan, coba",10,BARU 10 level,-,tebalkan huruf a–z,Pelajaran baru + soal baru
K-BT-12,TK,Baca Tulis,Kalimat pertamaku (ini bola),Membaca kalimat 2–3 kata,SAS (kalimat → kata),"cerita, gabung","13, 22, 24",BARU 10 level,"mainan, rumah",baca & tunjuk,Pelajaran baru + soal baru
K-MA-01,TK,Berhitung,Bilangan sampai 10 dan namanya,"Membilang, lambang, dan nama bilangan",CP Fondasi; Common Core K.CC,"kenalan, kata","3, 4, 8","Ada: Math Kindergarten (TK) I, J, L",Kamus T1,hitung & tulis,Pelajaran baru + soal sudah ada
K-MA-02,TK,Berhitung,Lihat sekilas dan kerangka 10,Subitising sampai 10 dengan kerangka 5/10,EYFS; NEL,"kenalan, coba","16, 4",BARU 10 level,"titik, buah",kartu titik,Pelajaran baru + soal baru
K-MA-03,TK,Berhitung,Bagian dan keseluruhan,Number bond 5 dan 10,EYFS Number; Common Core K.OA.3–4,"kenalan, gabung, coba","18, 4","Ada: Math Kindergarten (TK) P, T","buah, mainan",lengkapi number bond,Pelajaran baru + soal sudah ada
K-MA-04,TK,Berhitung,Penjumlahan sampai 10,Makna dan strategi penjumlahan,Common Core K.OA,"cerita, coba","3, 18, 9","Ada: Math Kindergarten (TK) R, S, U","makanan, hewan",hitung gambar,Pelajaran baru + soal sudah ada
K-MA-05,TK,Berhitung,Pengurangan sampai 10,Makna dan strategi pengurangan,Common Core K.OA,"cerita, coba","3, 18, 9","Ada: Math Kindergarten (TK) Y, Z, AA","makanan, hewan",coret & hitung,Pelajaran baru + soal sudah ada
K-MA-06,TK,Berhitung,Dobel,1+1 sampai 5+5,EYFS Number,"kenalan, coba","3, 8, 18",BARU 10 level,"kupu-kupu, sepatu, sayap",cermin & hitung,Pelajaran baru + soal baru
K-MA-07,TK,Berhitung,Ganjil dan genap,Berpasangan atau ada sisa,EYFS Numerical Patterns,"kenalan, coba","7, 2",BARU 10 level,"kaus kaki, sepatu",pasangkan,Pelajaran baru + soal baru
K-MA-08,TK,Berhitung,Bilangan 11 sampai 20,Belasan = sepuluh dan sekian,Common Core K.NBT,"kenalan, coba","4, 5, 3","Ada: Math Kindergarten (TK) DD, EE, II",Kamus T1,hitung & tulis,Pelajaran baru + soal sudah ada
K-MA-09,TK,Berhitung,Membilang sampai 100,Loncat sepuluh,Common Core K.CC.1,"kenalan, coba","5, 19","Ada: Math Kindergarten (TK) JJ, KK, LL",-,labirin angka,Pelajaran baru + soal sudah ada
K-MA-10,TK,Berhitung,Pertama sampai kesepuluh,Bilangan urutan,Common Core; NEL,"cerita, coba","13, 6",BARU 10 level,"kendaraan, lomba",warnai urutan,Pelajaran baru + soal baru
K-MA-11,TK,Berhitung,Pola dan labirin bilangan,Pola gambar dan pola bilangan,NEL relasi & pola; CP Fondasi,"kenalan, coba","20, 19",Ada: Math Kindergarten (TK) MM,"warna, bentuk",lanjutkan pola,Pelajaran baru + soal sudah ada
K-MA-12,TK,Berhitung,"Bangun datar, ruang, dan simetri",Mengenal dan menyusun bangun,Common Core K.G; NEL,"kenalan, kata, coba","1, 7, 15","Ada: Math Kindergarten (TK) PP, QQ, RR, SS",benda rumah,warnai & cerminkan,Pelajaran baru + soal sudah ada
K-MA-13,TK,Berhitung,Mengukur dan menimbang,"Panjang, berat, isi",Common Core K.MD; NEL,"kenalan, coba","17, 6",Ada: Math Kindergarten (TK) WW,"dapur, buah",lingkari lebih berat,Pelajaran baru + soal sudah ada
K-MA-14,TK,Berhitung,Waktu dan hari,"Urutan kegiatan, nama hari",CP Fondasi (waktu),"cerita, kata","6, 1",Ada: Math Kindergarten (TK) XX,kegiatan sehari-hari,urutkan hari,Pelajaran baru + soal sudah ada
K-MA-15,TK,Berhitung,Uang dan menabung,Uang Rupiah dan literasi keuangan,Konteks lokal,"cerita, kata","1, 3","Ada: Math Kindergarten (TK) YY, ZZ","pasar, jajanan",belanja pura-pura,Pelajaran baru + soal sudah ada
K-MA-16,TK,Berhitung,Data dan grafik,Mengelompokkan lalu menghitung,Common Core K.MD.3,"kenalan, coba","7, 3","Ada: Math Kindergarten (TK) UU, VV","buah, mainan",isi tabel turus,Pelajaran baru + soal sudah ada
K-MA-17,TK,Berhitung,Matematika di sekitarku,"Membilang dan membandingkan di pasar, dapur, kebun",CP Fondasi (konkret),"cerita, coba","13, 3, 24",BARU 10 level,"pasar, dapur, kebun",cari & hitung,Pelajaran baru + soal baru
K-EN-01,TK,English,"Phonics s, a, t, p, i, n",Bunyi huruf dan kata CVC pertama,L&S Phase 2,"bunyi, kata, coba","1, 11, 10",BARU 10 level,kata CVC,tebalkan & baca,Pelajaran baru + soal baru
K-EN-02,TK,English,"Phonics m, d, g, o, c, k",Bunyi huruf lanjutan,L&S Phase 2,"bunyi, kata","1, 11",BARU 10 level,kata CVC,baca & cocokkan,Pelajaran baru + soal baru
K-EN-03,TK,English,"Phonics e, u, r, h, b, f, l",Bunyi huruf lanjutan,L&S Phase 2,"bunyi, kata","1, 11",BARU 10 level,kata CVC,baca & cocokkan,Pelajaran baru + soal baru
K-EN-04,TK,English,"CVC words a, e, i, o, u",Membaca kata tiga bunyi,L&S Phase 2,"gabung, kata","11, 22","Ada: English Pra-TK O, P, Q, R",kata CVC,baca & gambar,Pelajaran baru + soal sudah ada
K-EN-05,TK,English,"sh, ch, th, ng",Digraf konsonan,L&S Phase 3,"bunyi, kata","1, 11, 7",BARU 10 level,kata digraf,kelompokkan,Pelajaran baru + soal baru
K-EN-06,TK,English,"ai, ee, oa, oo",Digraf vokal,L&S Phase 3,"bunyi, kata","1, 11",BARU 10 level,kata digraf,baca & cocokkan,Pelajaran baru + soal baru
K-EN-07,TK,English,Sight words 1–2,Kata frekuensi tinggi (Dolch pre-primer),Dolch pre-primer,"kata, coba","2, 14","Ada: English Pra-TK S, T",-,cari kata,Pelajaran baru + soal sudah ada
K-EN-08,TK,English,Sight words 3–4,Dolch primer,Dolch primer; Fry 100,"kata, coba","2, 14",BARU 10 level,-,cari kata,Pelajaran baru + soal baru
K-EN-09,TK,English,My family and home,Keluarga dan ruangan rumah,"Starters (family, home)","kata, cerita","1, 13",BARU 10 level,"keluarga, rumah",tempel di rumah,Pelajaran baru + soal baru
K-EN-10,TK,English,School and toys,Alat sekolah dan mainan,"Starters (school, toys)",kata,"1, 7, 14",BARU 10 level,"sekolah, mainan",kelompokkan,Pelajaran baru + soal baru
K-EN-11,TK,English,Clothes and weather,Pakaian dan cuaca,"Starters (clothes, weather)","kata, cerita","1, 8",BARU 10 level,"pakaian, cuaca",cocokkan,Pelajaran baru + soal baru
K-EN-12,TK,English,Transport and places,Kendaraan dan tempat,Starters (transport),kata,"1, 7",BARU 10 level,"kendaraan, tempat",kelompokkan,Pelajaran baru + soal baru
K-EN-13,TK,English,"This/that, is/are, plurals",Tata bahasa dasar,Starters grammar,"cerita, coba","21, 1",Ada: English Pra-TK X,semua tema,lingkari,Pelajaran baru + soal sudah ada
K-EN-14,TK,English,I can… / There is…,Kalimat pendek,Starters grammar,"cerita, coba","23, 24",BARU 10 level,"kegiatan, rumah",baca & tunjuk,Pelajaran baru + soal baru
K-EN-15,TK,English,Listen and find,Mendengar kalimat lalu menemukan di gambar,Starters Listening,cerita,"23, 13",BARU 10 level,"adegan rumah, taman",warnai sesuai perintah,Pelajaran baru + soal baru
K-SA-01,TK,Sains,Bentuk dan warna,"Mengamati, membandingkan, menduga",NGSS K; Cambridge Primary Science Stage 1; CP Fondasi,"kenalan, kata, cerita, coba","1, 7, 13",Ada: Sains Kindergarten (TK) A,"warna, bentuk",amati & kelompokkan,Pelajaran baru + soal sudah ada
K-SA-02,TK,Sains,Bahan benda,"Mengamati, membandingkan, menduga",NGSS K; Cambridge Primary Science Stage 1; CP Fondasi,"kenalan, kata, cerita, coba","1, 7, 13",Ada: Sains Kindergarten (TK) B,benda rumah,amati & kelompokkan,Pelajaran baru + soal sudah ada
K-SA-03,TK,Sains,Benda padat dan cair,"Mengamati, membandingkan, menduga",NGSS K; Cambridge Primary Science Stage 1; CP Fondasi,"kenalan, kata, cerita, coba","1, 7, 13",Ada: Sains Kindergarten (TK) D,dapur,amati & kelompokkan,Pelajaran baru + soal sudah ada
K-SA-04,TK,Sains,Cahaya dan bunyi,"Mengamati, membandingkan, menduga",NGSS K; Cambridge Primary Science Stage 1; CP Fondasi,"kenalan, kata, cerita, coba","1, 7, 13",Ada: Sains Kindergarten (TK) E,"alat musik, lampu",amati & kelompokkan,Pelajaran baru + soal sudah ada
K-SA-05,TK,Sains,Gaya dan gerak,"Mengamati, membandingkan, menduga",NGSS K; Cambridge Primary Science Stage 1; CP Fondasi,"kenalan, kata, cerita, coba","1, 7, 13",Ada: Sains Kindergarten (TK) F,"mainan, kendaraan",amati & kelompokkan,Pelajaran baru + soal sudah ada
K-SA-06,TK,Sains,Hewan,"Mengamati, membandingkan, menduga",NGSS K; Cambridge Primary Science Stage 1; CP Fondasi,"kenalan, kata, cerita, coba","1, 7, 13",Ada: Sains Kindergarten (TK) G,hewan,amati & kelompokkan,Pelajaran baru + soal sudah ada
K-SA-07,TK,Sains,Tumbuhan,"Mengamati, membandingkan, menduga",NGSS K; Cambridge Primary Science Stage 1; CP Fondasi,"kenalan, kata, cerita, coba","1, 7, 13",Ada: Sains Kindergarten (TK) H,"tanaman, buah, sayur",amati & kelompokkan,Pelajaran baru + soal sudah ada
K-SA-08,TK,Sains,Cuaca,"Mengamati, membandingkan, menduga",NGSS K; Cambridge Primary Science Stage 1; CP Fondasi,"kenalan, kata, cerita, coba","1, 7, 13",Ada: Sains Kindergarten (TK) M,"cuaca, pakaian",amati & kelompokkan,Pelajaran baru + soal sudah ada
K-SA-09,TK,Sains,Langit siang dan malam,"Mengamati, membandingkan, menduga",NGSS K; Cambridge Primary Science Stage 1; CP Fondasi,"kenalan, kata, cerita, coba","1, 7, 13",Ada: Sains Kindergarten (TK) N,langit,amati & kelompokkan,Pelajaran baru + soal sudah ada
K-SA-10,TK,Sains,Menjaga lingkungan,"Mengamati, membandingkan, menduga",NGSS K; Cambridge Primary Science Stage 1; CP Fondasi,"kenalan, kata, cerita, coba","1, 7, 13",Ada: Sains Kindergarten (TK) L,"sampah, alam",amati & kelompokkan,Pelajaran baru + soal sudah ada
K-SA-11,TK,Sains,Merancang dan menguji,"Mengamati, membandingkan, menduga",NGSS K; Cambridge Primary Science Stage 1; CP Fondasi,"kenalan, kata, cerita, coba","1, 7, 13",Ada: Sains Kindergarten (TK) O,"alat, bahan",amati & kelompokkan,Pelajaran baru + soal sudah ada
K-SA-12,TK,Sains,Tubuh dan panca indra,Bagian tubuh dan fungsi indra,CP Fondasi; NEL Discovery,"kenalan, kata, coba","8, 13",BARU 10 level,"tubuh, indra",tarik garis,Pelajaran baru + soal baru
K-SA-13,TK,Sains,Makanan sehat,"Mengelompokkan makanan, minum air",CP Fondasi (kesehatan),"kata, cerita","7, 15",BARU 10 level,"makanan, minuman",isi piring sehat,Pelajaran baru + soal baru
1-BT-01,Kelas 1,Baca Tulis,Kata tiga suku kata (se-pa-tu),Membaca kata KV-KV-KV,B. Indonesia Fase A; SAS,"gabung, kata","12, 22, 11",BARU 10 level,Kamus T2,baca & gambar,Pelajaran baru + soal baru
1-BT-02,Kelas 1,Baca Tulis,Suku kata tertutup (ba-tuk),Suku kata berakhiran konsonan,B. Indonesia Fase A,"bunyi, gabung","12, 11",BARU 10 level,Kamus T2,isi suku kata,Pelajaran baru + soal baru
1-BT-03,Kelas 1,Baca Tulis,"ng, ny, kh, sy",Gabungan huruf konsonan,B. Indonesia Fase A,"bunyi, kata","1, 11, 7",BARU 10 level,Kamus T2,kelompokkan,Pelajaran baru + soal baru
1-BT-04,Kelas 1,Baca Tulis,"ai, au, oi (pan-tai, pu-lau)",Diftong,B. Indonesia Fase A,"bunyi, kata","1, 11",BARU 10 level,"alam, tempat",baca & cocokkan,Pelajaran baru + soal baru
1-BT-05,Kelas 1,Baca Tulis,Huruf kapital dan titik,"Awal kalimat, nama orang/tempat",B. Indonesia Fase A (menulis),"kenalan, cerita","2, 15",BARU 10 level,"nama tempat, hari",perbaiki kalimat,Pelajaran baru + soal baru
1-BT-06,Kelas 1,Baca Tulis,Membaca kalimat 3–5 kata,Membaca lancar kalimat pendek,SAS; Fase A,cerita,"23, 24, 22",BARU 10 level,kegiatan,baca & tunjuk,Pelajaran baru + soal baru
1-BT-07,Kelas 1,Baca Tulis,"Cerita mini: siapa, di mana",Memahami isi cerita pendek,Fase A (membaca-memirsa),"cerita, ingat","24, 1",BARU 10 level,"keluarga, tempat",jawab pertanyaan,Pelajaran baru + soal baru
1-BT-08,Kelas 1,Baca Tulis,Menyusun kalimat,Mengurutkan kata menjadi kalimat,Fase A (menulis),"gabung, coba","6, 11",BARU 10 level,kegiatan,urutkan kata,Pelajaran baru + soal baru
1-BT-09,Kelas 1,Baca Tulis,"Kata tanya apa, siapa, di mana",Memahami pertanyaan,Fase A (menyimak),cerita,"1, 23",BARU 10 level,"profesi, tempat",cocokkan tanya-jawab,Pelajaran baru + soal baru
1-BT-10,Kelas 1,Baca Tulis,Lawan kata dan persamaan kata,Memperkaya kosakata,Fase A; Biemiller,"kata, coba","8, 14",BARU 10 level,Kamus T2 (sifat),cocokkan lawan kata,Pelajaran baru + soal baru
1-BT-11,Kelas 1,Baca Tulis,Kata kerja sehari-hari,Kegiatan di rumah dan sekolah,Fase A,"kata, cerita","1, 13",BARU 10 level,kegiatan,cocokkan gerak,Pelajaran baru + soal baru
1-BT-12,Kelas 1,Baca Tulis,Teks petunjuk,"Mengurutkan langkah (cuci tangan, menanam)",Fase A (teks prosedur),"cerita, coba","6, 24",BARU 10 level,"kegiatan, tanaman",urutkan langkah,Pelajaran baru + soal baru
1-MA-01,Kelas 1,Berhitung,Bilangan sampai 120 dan loncat,Memahami konsep lewat gambar lalu angka,Matematika Fase A; Common Core 1.NBT,"kenalan, cerita, coba","3, 4, 5, 18, 9","Ada: Math Grade 1 A, B, C",Kamus T2,lembar latihan,Pelajaran baru + soal sudah ada
1-MA-02,Kelas 1,Berhitung,Nilai tempat puluhan dan satuan,Memahami konsep lewat gambar lalu angka,Fase A; 1.NBT,"kenalan, cerita, coba","3, 4, 5, 18, 9","Ada: Math Grade 1 AA, BB",Kamus T2,lembar latihan,Pelajaran baru + soal sudah ada
1-MA-03,Kelas 1,Berhitung,Strategi penjumlahan sampai 20,Memahami konsep lewat gambar lalu angka,Fase A; 1.OA,"kenalan, cerita, coba","3, 4, 5, 18, 9","Ada: Math Grade 1 E, F, P, Q",Kamus T2,lembar latihan,Pelajaran baru + soal sudah ada
1-MA-04,Kelas 1,Berhitung,Strategi pengurangan sampai 20,Memahami konsep lewat gambar lalu angka,Fase A; 1.OA,"kenalan, cerita, coba","3, 4, 5, 18, 9","Ada: Math Grade 1 I, J, S, T",Kamus T2,lembar latihan,Pelajaran baru + soal sudah ada
1-MA-05,Kelas 1,Berhitung,Soal cerita tambah dan kurang,Memahami konsep lewat gambar lalu angka,Fase A; 1.OA.1,"kenalan, cerita, coba","3, 4, 5, 18, 9","Ada: Math Grade 1 O, N, X",Kamus T2,lembar latihan,Pelajaran baru + soal sudah ada
1-MA-06,Kelas 1,Berhitung,Kalimat matematika,Memahami konsep lewat gambar lalu angka,1.OA.7–8,"kenalan, cerita, coba","3, 4, 5, 18, 9","Ada: Math Grade 1 Y, Z",Kamus T2,lembar latihan,Pelajaran baru + soal sudah ada
1-MA-07,Kelas 1,Berhitung,Tambah kurang puluhan,Memahami konsep lewat gambar lalu angka,1.NBT.4–6,"kenalan, cerita, coba","3, 4, 5, 18, 9","Ada: Math Grade 1 CC, DD",Kamus T2,lembar latihan,Pelajaran baru + soal sudah ada
1-MA-08,Kelas 1,Berhitung,Mengukur panjang,Memahami konsep lewat gambar lalu angka,Fase A (pengukuran); 1.MD,"kenalan, cerita, coba","3, 4, 5, 18, 9",Ada: Math Grade 1 EE,Kamus T2,lembar latihan,Pelajaran baru + soal sudah ada
1-MA-09,Kelas 1,Berhitung,"Jam, hari, dan bulan",Memahami konsep lewat gambar lalu angka,Fase A; 1.MD.3,"kenalan, cerita, coba","3, 4, 5, 18, 9","Ada: Math Grade 1 FF, GG",Kamus T2,lembar latihan,Pelajaran baru + soal sudah ada
1-MA-10,Kelas 1,Berhitung,Uang dan literasi keuangan,Memahami konsep lewat gambar lalu angka,Konteks lokal,"kenalan, cerita, coba","3, 4, 5, 18, 9","Ada: Math Grade 1 HH, OO",Kamus T2,lembar latihan,Pelajaran baru + soal sudah ada
1-MA-11,Kelas 1,Berhitung,Data dan diagram,Memahami konsep lewat gambar lalu angka,1.MD.4,"kenalan, cerita, coba","3, 4, 5, 18, 9","Ada: Math Grade 1 II, MM",Kamus T2,lembar latihan,Pelajaran baru + soal sudah ada
1-MA-12,Kelas 1,Berhitung,Pola,Memahami konsep lewat gambar lalu angka,Fase A (aljabar),"kenalan, cerita, coba","3, 4, 5, 18, 9",Ada: Math Grade 1 JJ,Kamus T2,lembar latihan,Pelajaran baru + soal sudah ada
1-MA-13,Kelas 1,Berhitung,Bangun datar dan ruang,Memahami konsep lewat gambar lalu angka,Fase A (geometri); 1.G,"kenalan, cerita, coba","3, 4, 5, 18, 9","Ada: Math Grade 1 KK, LL",Kamus T2,lembar latihan,Pelajaran baru + soal sudah ada
1-MA-14,Kelas 1,Berhitung,Setengah dan seperempat,Memahami konsep lewat gambar lalu angka,1.G.3,"kenalan, cerita, coba","3, 4, 5, 18, 9",Ada: Math Grade 1 NN,Kamus T2,lembar latihan,Pelajaran baru + soal sudah ada
1-EN-01,Kelas 1,English,"Consonant blends (st, fr, cl)",Membaca kata CCVC/CVCC,L&S Phase 4,"bunyi, kata, cerita","1, 11",BARU 10 level,kata blend,baca & jawab,Pelajaran baru + soal baru
1-EN-02,Kelas 1,English,"Magic e (a_e, i_e, o_e)",Vokal panjang dengan e,L&S Phase 5,"bunyi, kata, cerita","1, 11, 22",BARU 10 level,kata a_e,baca & jawab,Pelajaran baru + soal baru
1-EN-03,Kelas 1,English,Sight words grade 1,Dolch grade 1 / Fry 100,Dolch; Fry,"bunyi, kata, cerita","2, 14",BARU 10 level,-,baca & jawab,Pelajaran baru + soal baru
1-EN-04,Kelas 1,English,Numbers 11–20 and age,Bilangan dan bertanya umur,Starters (numbers),"bunyi, kata, cerita","3, 1",BARU 10 level,-,baca & jawab,Pelajaran baru + soal baru
1-EN-05,Kelas 1,English,My day,"Kegiatan harian, present simple",Starters grammar,"bunyi, kata, cerita","24, 6",BARU 10 level,kegiatan,baca & jawab,Pelajaran baru + soal baru
1-EN-06,Kelas 1,English,Likes and dislikes,I like / I don't like,Starters grammar,"bunyi, kata, cerita","1, 21",BARU 10 level,"makanan, mainan",baca & jawab,Pelajaran baru + soal baru
1-EN-07,Kelas 1,English,Have got / has got,Kepemilikan,Starters grammar,"bunyi, kata, cerita","23, 13",BARU 10 level,"hewan, mainan",baca & jawab,Pelajaran baru + soal baru
1-EN-08,Kelas 1,English,"Questions: what, where, how many",Pertanyaan sederhana,Starters,"bunyi, kata, cerita","23, 1",BARU 10 level,adegan,baca & jawab,Pelajaran baru + soal baru
1-EN-09,Kelas 1,English,At the park / at the beach,Kosakata tempat dan kegiatan,Starters (world around us),"bunyi, kata, cerita","13, 23",BARU 10 level,"taman, pantai",baca & jawab,Pelajaran baru + soal baru
1-EN-10,Kelas 1,English,Read a short story,Memahami cerita 3–5 kalimat,Starters Reading,"bunyi, kata, cerita",24,BARU 10 level,cerita,baca & jawab,Pelajaran baru + soal baru
1-SA-01,Kelas 1,Sains,Bentuk dan warna,"Mengamati, mengelompokkan, menjelaskan",NGSS 1; Cambridge Primary Science Stage 1–2,"kenalan, kata, cerita, coba","1, 7, 13, 24",Ada: Sains Grade 1 A,warna,amati & catat,Pelajaran baru + soal sudah ada
1-SA-02,Kelas 1,Sains,Bahan benda,"Mengamati, mengelompokkan, menjelaskan",NGSS 1; Cambridge Primary Science Stage 1–2,"kenalan, kata, cerita, coba","1, 7, 13, 24",Ada: Sains Grade 1 B,benda,amati & catat,Pelajaran baru + soal sudah ada
1-SA-03,Kelas 1,Sains,Benda padat dan cair,"Mengamati, mengelompokkan, menjelaskan",NGSS 1; Cambridge Primary Science Stage 1–2,"kenalan, kata, cerita, coba","1, 7, 13, 24",Ada: Sains Grade 1 D,dapur,amati & catat,Pelajaran baru + soal sudah ada
1-SA-04,Kelas 1,Sains,Pemanasan dan pendinginan,"Mengamati, mengelompokkan, menjelaskan",NGSS 1; Cambridge Primary Science Stage 1–2,"kenalan, kata, cerita, coba","1, 7, 13, 24",Ada: Sains Grade 1 E,"dapur, cuaca",amati & catat,Pelajaran baru + soal sudah ada
1-SA-05,Kelas 1,Sains,Cahaya dan bunyi,"Mengamati, mengelompokkan, menjelaskan",NGSS 1; Cambridge Primary Science Stage 1–2,"kenalan, kata, cerita, coba","1, 7, 13, 24",Ada: Sains Grade 1 F,"lampu, musik",amati & catat,Pelajaran baru + soal sudah ada
1-SA-06,Kelas 1,Sains,Gaya dan gerak,"Mengamati, mengelompokkan, menjelaskan",NGSS 1; Cambridge Primary Science Stage 1–2,"kenalan, kata, cerita, coba","1, 7, 13, 24",Ada: Sains Grade 1 G,mainan,amati & catat,Pelajaran baru + soal sudah ada
1-SA-07,Kelas 1,Sains,Hewan,"Mengamati, mengelompokkan, menjelaskan",NGSS 1; Cambridge Primary Science Stage 1–2,"kenalan, kata, cerita, coba","1, 7, 13, 24",Ada: Sains Grade 1 H,hewan,amati & catat,Pelajaran baru + soal sudah ada
1-SA-08,Kelas 1,Sains,Tumbuhan,"Mengamati, mengelompokkan, menjelaskan",NGSS 1; Cambridge Primary Science Stage 1–2,"kenalan, kata, cerita, coba","1, 7, 13, 24",Ada: Sains Grade 1 I,tanaman,amati & catat,Pelajaran baru + soal sudah ada
1-SA-09,Kelas 1,Sains,Makhluk hidup,"Mengamati, mengelompokkan, menjelaskan",NGSS 1; Cambridge Primary Science Stage 1–2,"kenalan, kata, cerita, coba","1, 7, 13, 24",Ada: Sains Grade 1 J,"hewan, tanaman",amati & catat,Pelajaran baru + soal sudah ada
1-SA-10,Kelas 1,Sains,Ekosistem,"Mengamati, mengelompokkan, menjelaskan",NGSS 1; Cambridge Primary Science Stage 1–2,"kenalan, kata, cerita, coba","1, 7, 13, 24",Ada: Sains Grade 1 K,habitat,amati & catat,Pelajaran baru + soal sudah ada
1-SA-11,Kelas 1,Sains,Sumber daya bumi,"Mengamati, mengelompokkan, menjelaskan",NGSS 1; Cambridge Primary Science Stage 1–2,"kenalan, kata, cerita, coba","1, 7, 13, 24",Ada: Sains Grade 1 L,alam,amati & catat,Pelajaran baru + soal sudah ada
1-SA-12,Kelas 1,Sains,Menjaga lingkungan,"Mengamati, mengelompokkan, menjelaskan",NGSS 1; Cambridge Primary Science Stage 1–2,"kenalan, kata, cerita, coba","1, 7, 13, 24",Ada: Sains Grade 1 M,sampah,amati & catat,Pelajaran baru + soal sudah ada
1-SA-13,Kelas 1,Sains,Cuaca,"Mengamati, mengelompokkan, menjelaskan",NGSS 1; Cambridge Primary Science Stage 1–2,"kenalan, kata, cerita, coba","1, 7, 13, 24",Ada: Sains Grade 1 N,cuaca,amati & catat,Pelajaran baru + soal sudah ada
1-SA-14,Kelas 1,Sains,Langit dan benda langit,"Mengamati, mengelompokkan, menjelaskan",NGSS 1; Cambridge Primary Science Stage 1–2,"kenalan, kata, cerita, coba","1, 7, 13, 24",Ada: Sains Grade 1 O,langit,amati & catat,Pelajaran baru + soal sudah ada
1-SA-15,Kelas 1,Sains,Merancang dan menguji,"Mengamati, mengelompokkan, menjelaskan",NGSS 1; Cambridge Primary Science Stage 1–2,"kenalan, kata, cerita, coba","1, 7, 13, 24",Ada: Sains Grade 1 P,alat,amati & catat,Pelajaran baru + soal sudah ada
1-SA-16,Kelas 1,Sains,Tubuhku tumbuh,"Bagian tubuh, gigi, dan pertumbuhan",NGSS 1-LS; CP,"kenalan, kata, cerita","8, 6",BARU 10 level,tubuh,urutkan pertumbuhan,Pelajaran baru + soal baru
